<?xml version="1.0" encoding="UTF-8"?>
<mule xmlns:tracking="http://www.mulesoft.org/schema/mule/ee/tracking" xmlns:vm="http://www.mulesoft.org/schema/mule/vm" xmlns:smtp="http://www.mulesoft.org/schema/mule/smtp" xmlns:json="http://www.mulesoft.org/schema/mule/json"
	xmlns:sns="http://www.mulesoft.org/schema/mule/sns" xmlns:ee="http://www.mulesoft.org/schema/mule/ee/core"
	xmlns:mulexml="http://www.mulesoft.org/schema/mule/xml"
	xmlns:context="http://www.springframework.org/schema/context"
	xmlns:quartz="http://www.mulesoft.org/schema/mule/quartz"
	xmlns:data-mapper="http://www.mulesoft.org/schema/mule/ee/data-mapper"
	xmlns:http="http://www.mulesoft.org/schema/mule/http"
	xmlns:sqs="http://www.mulesoft.org/schema/mule/sqs" xmlns="http://www.mulesoft.org/schema/mule/core" xmlns:doc="http://www.mulesoft.org/schema/mule/documentation"
	xmlns:spring="http://www.springframework.org/schema/beans" 
	xmlns:xsi="http://www.w3.org/2001/XMLSchema-instance"
	xsi:schemaLocation="http://www.mulesoft.org/schema/mule/json http://www.mulesoft.org/schema/mule/json/current/mule-json.xsd
http://www.mulesoft.org/schema/mule/ee/core http://www.mulesoft.org/schema/mule/ee/core/current/mule-ee.xsd
http://www.mulesoft.org/schema/mule/xml http://www.mulesoft.org/schema/mule/xml/current/mule-xml.xsd
http://www.springframework.org/schema/context http://www.springframework.org/schema/context/spring-context-current.xsd
http://www.mulesoft.org/schema/mule/quartz http://www.mulesoft.org/schema/mule/quartz/current/mule-quartz.xsd
http://www.mulesoft.org/schema/mule/ee/data-mapper http://www.mulesoft.org/schema/mule/ee/data-mapper/current/mule-data-mapper.xsd
http://www.mulesoft.org/schema/mule/http http://www.mulesoft.org/schema/mule/http/current/mule-http.xsd
http://www.springframework.org/schema/beans http://www.springframework.org/schema/beans/spring-beans-current.xsd
http://www.mulesoft.org/schema/mule/core http://www.mulesoft.org/schema/mule/core/current/mule.xsd
http://www.mulesoft.org/schema/mule/sqs http://www.mulesoft.org/schema/mule/sqs/current/mule-sqs.xsd
http://www.mulesoft.org/schema/mule/sns http://www.mulesoft.org/schema/mule/sns/current/mule-sns.xsd
http://www.mulesoft.org/schema/mule/smtp http://www.mulesoft.org/schema/mule/smtp/current/mule-smtp.xsd
http://www.mulesoft.org/schema/mule/vm http://www.mulesoft.org/schema/mule/vm/current/mule-vm.xsd
http://www.mulesoft.org/schema/mule/ee/tracking http://www.mulesoft.org/schema/mule/ee/tracking/current/mule-tracking-ee.xsd" >
  
   		 
     <choice-exception-strategy name="Common-Exception-Strategy">
     <catch-exception-strategy when="#[exception.causedBy(java.net.SocketTimeoutException)]" doc:name="SocketTimeout Exception Strategy">
            <message-properties-transformer doc:name="logging message Properties" doc:description="Stores the message property for logging.">
              <add-message-property key="timestamp" value="#[server.dateTime.format(&quot;yyyy-MM-dd'T'HH:mm:ss.SSSZ&quot;)]"/>
                <add-message-property key="messageID" value="#[message.id]"/>
                <add-message-property key="status" value="Error"/>
                <add-message-property key="executionPoint" value="Error Handling"/>
                <add-message-property key="ip" value="#[server.ip]"/>
                <add-message-property key="integrationName" value="${integrationName}"/>
                <add-message-property key="serverName" value="#[server.host]"/>
                <add-message-property key="domainname" value="cocacola.com"/>
                <add-message-property key="errorCode" value="E100"/>
                <add-message-property key="errorType" value="SocketTimeException"/>
                <add-message-property key="errorText" value="#[exception.getMessage()]"/>
                <add-message-property key="resourceType" value="Connector"/>
                <add-message-property key="resourceName" value="#['SAP Connector']"/>
            </message-properties-transformer>
            <logger message="#[LoggingAppendString]" level="ERROR" doc:name="Error" doc:description="Stores the message property for logging."/>
        </catch-exception-strategy>
		<catch-exception-strategy when="#[exception.causedBy(java.net.ConnectException)]" doc:name="Connection Exception Strategy">
			<!-- <logger level="ERROR" message="connection timeout exception" doc:name="Logger"/> -->
			<message-properties-transformer doc:name="Logging message Properties" doc:description="Stores the message property for logging.">
            <add-message-property key="timestamp" value="#[server.dateTime.format(&quot;yyyy-MM-dd'T'HH:mm:ss.SSSZ&quot;)]"/>
            <add-message-property key="messageID" value="#[message.id]"/>
            <add-message-property key="status" value="Error"/>
            <add-message-property key="integrationName" value="${integrationName}"/>
            <add-message-property key="executionPoint" value="Error Handling"/>
            <add-message-property key="ip" value="#[server.ip]"/>
            <add-message-property key="serverName" value="#[server.host]"/>
            <add-message-property key="domainname" value="cocacola.com"/>
            <add-message-property key="errorCode" value="E101"/>
            <add-message-property key="errorType" value="ConnectionTimeOutException"/>
            <add-message-property key="errorText" value="#[exception.getMessage()]"/>
                <add-message-property key="resourceType" value="Connector"/>
                <add-message-property key="resourceName" value="#['SFTP Connector']"/>
        </message-properties-transformer>
        <logger level="ERROR" message="#[LoggingAppendString]" doc:name="Error" doc:description="Stores the message property for logging."/>
 		</catch-exception-strategy>
 		<catch-exception-strategy
			when="#[exception.causedBy(org.mule.api.store.ObjectAlreadyExistsException)]"
			doc:name="ObjectAlreadyException Strategy">
			<message-properties-transformer
				doc:name="Logging Message Properties" doc:description="Stores the message property for logging.">
				<add-message-property key="timestamp"
					value="#[server.dateTime.format(&quot;yyyy-MM-dd'T'HH:mm:ss.SSSZ&quot;)]" />
				<add-message-property key="messageID" value="#[message.id]" />
				<add-message-property key="status" value="Error" />
				<add-message-property key="executionPoint"
					value="Error Handling" />
				<add-message-property key="ip" value="#[server.ip]" />
				<add-message-property key="serverName" value="#[server.host]" />
				<add-message-property key="domainname" value="cocacola.com" />
				<add-message-property key="errorCode" value="E102" />
				<add-message-property key="errorType"
					value="ObjectAlreadyExistsException" />
				<add-message-property key="errorText"
					value="#[exception.getMessage()]" />
				<add-message-property key="integrationName"
					value="${integrationName}" />
					  <add-message-property key="resourceType" value="FUNCTION"/>
                <add-message-property key="resourceName" value="SAP"/>
			</message-properties-transformer>
			<logger level="ERROR" message="#[LoggingAppendString]"
				doc:name="Error" doc:description="Indicates that a error has occured."/>
		</catch-exception-strategy>
	
         <catch-exception-strategy doc:name="InternalProcessingException Strategy">
            <message-properties-transformer doc:name="Message Properties">
                <add-message-property key="timestamp" value="#[server.dateTime.format(&quot;yyyy-MM-dd'T'HH:mm:ss.SSSZ&quot;)]"/>
                <add-message-property key="messageID" value="#[message.id]"/>
                <add-message-property key="integrationName" value="${integrationName}"/>
                <add-message-property key="status" value="Error"/>
                <add-message-property key="executionPoint" value="Error Handling"/>
                <add-message-property key="ip" value="#[server.ip]"/>
                <add-message-property key="serverName" value="#[server.host]"/>
                <add-message-property key="domainname" value="${domainname}"/>
                <add-message-property key="errorCode" value="E105"/>
                <add-message-property key="errorType" value="InternalProcessignException"/>
                <add-message-property key="errorText" value="#[exception.getMessage()]"/>
                <add-message-property key="resourceType" value="Connector"/>
                <add-message-property key="resourceName" value="SAP"/>
                <add-message-property key="correlationID" value="#['SAPNACokeCatalog'+server.dateTime.format('yyyyMMddhhmmssSS')]"/>
            <add-message-property key="payload" value="#[message.payloadAs(java.lang.String)]"/>
            </message-properties-transformer>
            <logger message="#[LoggingAppendString]" level="ERROR" doc:name="Logger"/>
        </catch-exception-strategy>
    </choice-exception-strategy>
    
    

</mule>

