<?xml version="1.0" encoding="UTF-8"?>

<mule xmlns:validation="http://www.mulesoft.org/schema/mule/validation" xmlns:mulerequester="http://www.mulesoft.org/schema/mule/mulerequester" xmlns:sftp="http://www.mulesoft.org/schema/mule/sftp" xmlns:secure-property-placeholder="http://www.mulesoft.org/schema/mule/secure-property-placeholder"  xmlns:metadata="http://www.mulesoft.org/schema/mule/metadata" xmlns:tracking="http://www.mulesoft.org/schema/mule/ee/tracking" xmlns:file="http://www.mulesoft.org/schema/mule/file" xmlns:db="http://www.mulesoft.org/schema/mule/db" xmlns:dw="http://www.mulesoft.org/schema/mule/ee/dw" xmlns:sap="http://www.mulesoft.org/schema/mule/sap" xmlns="http://www.mulesoft.org/schema/mule/core" xmlns:doc="http://www.mulesoft.org/schema/mule/documentation"
	xmlns:spring="http://www.springframework.org/schema/beans" 
	xmlns:xsi="http://www.w3.org/2001/XMLSchema-instance"
	xsi:schemaLocation="http://www.mulesoft.org/schema/mule/sap http://www.mulesoft.org/schema/mule/sap/current/mule-sap.xsd
http://www.springframework.org/schema/beans http://www.springframework.org/schema/beans/spring-beans-current.xsd
http://www.mulesoft.org/schema/mule/file http://www.mulesoft.org/schema/mule/file/current/mule-file.xsd
http://www.mulesoft.org/schema/mule/ee/dw http://www.mulesoft.org/schema/mule/ee/dw/current/dw.xsd
http://www.mulesoft.org/schema/mule/core http://www.mulesoft.org/schema/mule/core/current/mule.xsd
http://www.mulesoft.org/schema/mule/ee/tracking http://www.mulesoft.org/schema/mule/ee/tracking/current/mule-tracking-ee.xsd
http://www.mulesoft.org/schema/mule/secure-property-placeholder http://www.mulesoft.org/schema/mule/secure-property-placeholder/current/mule-secure-property-placeholder.xsd
http://www.mulesoft.org/schema/mule/sftp http://www.mulesoft.org/schema/mule/sftp/current/mule-sftp.xsd
http://www.mulesoft.org/schema/mule/mulerequester http://www.mulesoft.org/schema/mule/mulerequester/current/mule-mulerequester.xsd
http://www.mulesoft.org/schema/mule/validation http://www.mulesoft.org/schema/mule/validation/current/mule-validation.xsd">
    <sap:connector name="SAP" jcoAsHost="${sap.host}" jcoUser="${sap.user}" jcoPasswd="${sap.password}" jcoSysnr="${sap.systemnumber}" jcoClient="${sap.client}" jcoLang="${sap.loginlanguage}" validateConnections="true" doc:name="SAP" jcoExpirationTime="${sap.expiration.time}" jcoPeakLimit="${sap.peak.limit}" jcoPoolCapacity="${sap.pool.capacity}"/>
    <file:connector name="FileMuleRequester" pollingFrequency = "2000" autoDelete="true" streaming="true" validateConnections="true" doc:name="File"/>
     <file:endpoint path="${separatefiles.path}"  name="globalFileEndpoint" connector-ref="FileMuleRequester" responseTimeout="10000" doc:name="File Endpoint">
</file:endpoint>
    <!-- <file:connector name="File" workDirectory="/opt/tibappdata/SAPNA_COKE_CATALOG/reprocess/#[server.dateTime.format('yyyMMdd')]+'_'" autoDelete="false" streaming="true" validateConnections="true" doc:name="File"/> -->
    <file:connector name="File1" autoDelete="false" streaming="true" validateConnections="true" doc:name="File"/>
    <secure-property-placeholder:config name="Secure_Property_Placeholder" encryptionAlgorithm="DES" key="mule1234" location="properties/cokecatalog-${env}.properties,properties/loggingsetup.properties" doc:name="Secure Property Placeholder"/>
  <sftp:connector name="SFTP1" identityFile="${app.home}/classes/mulesoft_privatekeyopensshnew.ppk" validateConnections="true" doc:name="SFTP" fileAge="500" pollingFrequency="${poll.interval}" archiveDir="${cloudhub.archive}">
        <reconnect/>
    </sftp:connector>
    
    
    <file:connector name="File" autoDelete="true" outputAppend="true" streaming="true" validateConnections="true" doc:name="File"/>
    <mulerequester:config name="Mule_Requester" doc:name="Mule Requester"/>
 
    <flow name="sapna_coke_catalogFlow1">
        <sftp:inbound-endpoint connector-ref="SFTP1" host="${sftp.host}" port="${sftp.port}" path="${sftp.in.path}" user="${sftp.user.pull}" responseTimeout="10000" doc:name="Axway Pull File"/>
         <!-- <file:inbound-endpoint path="C:\Users\anshumishra\Box Sync\Tibco To Mule - Technical\CM - Tibco Oct-16\MuleSourceCode\SAPNA_COKE_CATALOG\sample file\in" connector-ref="File1" responseTimeout="10000" doc:name="File" pollingFrequency="100000000"/> -->
        <!-- <set-variable variableName="FFContent" value="#[payload]" doc:name="Variable"/> -->
        <logger message="#[LoggingAppendString]" level="INFO" doc:name="Flow Begins"/>
        <object-to-string-transformer doc:name="Object to String"/>
        <set-variable variableName="Tail" value="#[payload.substring(payload.length()-34),payload.length())]" doc:name="Tail"/>
        <message-properties-transformer scope="invocation" doc:name="ControlRecord">
            <add-message-property key="PrefixCode" value="#[org.mule.util.StringUtils.split(flowVars.Tail,'|')[0].trim()]"/>
            <add-message-property key="ControlRecordID" value="#[org.mule.util.StringUtils.split(flowVars.Tail,'|')[1].trim()]"/>
            <add-message-property key="DateOfInterface" value="#[org.mule.util.StringUtils.split(flowVars.Tail,'|')[2].trim()]"/>
            <add-message-property key="TimeStamp" value="#[org.mule.util.StringUtils.split(flowVars.Tail,'|')[3].trim()]"/>
            <add-message-property key="NoOfRecords" value="#[org.mule.util.StringUtils.split(flowVars.Tail,'|')[4].trim()]"/>
            <add-message-property key="TotalAmount" value="#['']"/>
        </message-properties-transformer>
        <expression-transformer expression="#[payload.substring(0,payload.length()-34)]" doc:name="Remove Tail"/>
        <dw:transform-message  doc:name="Transform Message" metadata:id="b5bc9767-ba22-4372-954c-268315bf002b">
            <dw:input-payload doc:sample="sample_data\list_flatfile_5.flatfile" mimeType="text/plain">
                <dw:reader-property name="schemaPath" value="SampleFF.ffd"/>
            </dw:input-payload>
            <dw:set-payload><![CDATA[%dw 1.0
%output application/java
---
payload map ((payload01 , indexOfPayload01) -> {
              PrefixCode: payload01.PrefixCode[0..0]  when (payload01.PrefixCode[0..0] != null and payload01.PrefixCode[0..0] != '') otherwise '',
  
              SAP_Company_Code: payload01.SAP_Company_Code[0..3]  when (payload01.SAP_Company_Code[0..3] != null and payload01.SAP_Company_Code[0..3] != '') otherwise '',
  
              SoldTo_ACN_Number: payload01.SoldTo_ACN_Number[0..9]  when ( payload01.SoldTo_ACN_Number[0..9] != null and  payload01.SoldTo_ACN_Number[0..9] != '') otherwise '',
  
              SoldTo_ACN_Name1: payload01.SoldTo_ACN_Name1[0..34]  when (payload01.SoldTo_ACN_Name1[0..34] != null and payload01.SoldTo_ACN_Name1[0..34] != '') otherwise '',
 
              SoldTo_ACN_Name2: payload01.SoldTo_ACN_Name2[0..34]  when (payload01.SoldTo_ACN_Name2[0..34] != null and payload01.SoldTo_ACN_Name2[0..34] != '') otherwise '',
  
              SoldTo_ACN_StreetAddress: payload01.SoldTo_ACN_StreetAddress[0..34] when (payload01.SoldTo_ACN_StreetAddress[0..34] != null and payload01.SoldTo_ACN_StreetAddress[0..34] != '') otherwise '',
  
              SoldTo_ACN_CityName: payload01.SoldTo_ACN_CityName[0..34]  when (payload01.SoldTo_ACN_CityName[0..34] != null and payload01.SoldTo_ACN_CityName[0..34] != '') otherwise '',
  
              SoldTo_ACN_State: payload01.SoldTo_ACN_State[0..1] when (payload01.SoldTo_ACN_State[0..1] != null and payload01.SoldTo_ACN_State[0..1] != '') otherwise '',
  
              SoldTo_ACN_ZipCode: payload01.SoldTo_ACN_ZipCode[0..9]  when (payload01.SoldTo_ACN_ZipCode[0..9] != null and payload01.SoldTo_ACN_ZipCode[0..9] != '') otherwise '',
  
              ShipTo_ACN_Number: payload01.ShipTo_ACN_Number[0..9] when (payload01.ShipTo_ACN_Number[0..9] != null and payload01.ShipTo_ACN_Number[0..9] != '') otherwise '',
  
              ShipTo_ACN_Name1: payload01.ShipTo_ACN_Name1[0..34]  when (payload01.ShipTo_ACN_Name1[0..34] != null and payload01.ShipTo_ACN_Name1[0..34] != '') otherwise '',
  
              ShipTo_ACN_Name2: payload01.ShipTo_ACN_Name2[0..34]  when (payload01.ShipTo_ACN_Name2[0..34]  != null and payload01.ShipTo_ACN_Name2[0..34]  != '') otherwise '',
  
              ShipTo_ACN_StreetAddress: payload01.ShipTo_ACN_StreetAddress[0..34]  when (payload01.ShipTo_ACN_StreetAddress[0..34] != null and payload01.ShipTo_ACN_StreetAddress[0..34] != '') otherwise '',
  
              ShipTo_ACN_CityName: payload01.ShipTo_ACN_CityName[0..34] when (payload01.ShipTo_ACN_CityName[0..34] != null and payload01.ShipTo_ACN_CityName[0..34] != '') otherwise '',
  
              ShipTo_ACN_State: payload01.ShipTo_ACN_State[0..1]  when (payload01.ShipTo_ACN_State[0..1] != null and payload01.ShipTo_ACN_State[0..1] != '') otherwise '',
  
              ShipTo_ACN_ZipCode: payload01.ShipTo_ACN_ZipCode[0..9]  when (payload01.ShipTo_ACN_ZipCode[0..9]  != null and payload01.ShipTo_ACN_ZipCode[0..9]  != '') otherwise '',
  
              InvoiceDate: payload01.InvoiceDate[0..7] when (payload01.InvoiceDate[0..7] != null and payload01.InvoiceDate[0..7] != '') otherwise '',
  
              ItemNumber: payload01.ItemNumber[0..8] when (payload01.ItemNumber[0..8] != null and payload01.ItemNumber[0..8] != '') otherwise '',
  
              ItemDescription: payload01.ItemDescription[0..79]  when (payload01.ItemDescription[0..79] != null and payload01.ItemDescription[0..79] != '') otherwise '',
  
              UnitOfMeasure: payload01.UnitOfMeasure[0..5] when (payload01.UnitOfMeasure[0..5] != null and payload01.UnitOfMeasure[0..5] != '') otherwise '',
  
              Quantity: payload01.Quantity[0..16] when (payload01.Quantity[0..16] != null and payload01.Quantity[0..16] != '') otherwise '',
  
              Unit_Price: payload01.Unit_Price[0..14] when (payload01.Unit_Price[0..14] != null and payload01.Unit_Price[0..14] != '') otherwise '',
  
              Total_Price_ExcludingTax: payload01.Total_Price_ExcludingTax[0..14] when (payload01.Total_Price_ExcludingTax[0..14] != null and payload01.Total_Price_ExcludingTax[0..14] != '') otherwise '' ,
  
              Taxable_Amount: payload01.Taxable_Amount[0..14] when (payload01.Taxable_Amount[0..14] != null and payload01.Taxable_Amount[0..14] != '') otherwise '',
  
              InvoiceTotalAmount_IncludingTax: payload01.InvoiceTotalAmount_IncludingTax[0..14] when (payload01.InvoiceTotalAmount_IncludingTax[0..14] != null and payload01.InvoiceTotalAmount_IncludingTax[0..14] != '') otherwise '',
  
              LineItem_GL_AccountNumber: payload01.LineItem_GL_AccountNumber[0..9] when (payload01.LineItem_GL_AccountNumber[0..9] != null and payload01.LineItem_GL_AccountNumber[0..9] != '') otherwise '',
  
              Order_Placers_Name: payload01.Order_Placers_Name[0..39] when (payload01.Order_Placers_Name[0..39] != null and payload01.Order_Placers_Name[0..39] != '') otherwise '',
  
              Customer_Order_Number: payload01.Customer_Order_Number[0..9] when (payload01.Customer_Order_Number[0..9] != null and payload01.Customer_Order_Number[0..9] != '') otherwise '',
  
              Order_Placers_Email: payload01.Order_Placers_Email[0..49] when (payload01.Order_Placers_Email[0..49]  != null and payload01.Order_Placers_Email[0..49] != '') otherwise '',
  
              Ritway_Shipping_Instructions: payload01.Ritway_Shipping_Instructions[0..9] when (payload01.Ritway_Shipping_Instructions[0..9] != null and payload01.Ritway_Shipping_Instructions[0..9] != '') otherwise '',
  
              Item_Description2: payload01.Item_Description2[0..29] when (payload01.Item_Description2[0..29] != null and payload01.Item_Description2[0..29] != '') otherwise '',
  
              Program_Code: payload01.Program_Code[0..5] when (payload01.Program_Code[0..5] != null and payload01.Program_Code[0..5] != '') otherwise '',
  
              Program_Name: payload01.Program_Name[0..79] when (payload01.Program_Name[0..79] != null and payload01.Program_Name[0..79] != '') otherwise '',
  
              SAP_Cost_Center: payload01.SAP_Cost_Center[0..9] when (payload01.SAP_Cost_Center[0..9] != null and payload01.SAP_Cost_Center[0..9] != '') otherwise '',
  
              SAP_Internal_Order: payload01.SAP_Internal_Order[0..11] when (payload01.SAP_Internal_Order[0..11] != null and payload01.SAP_Internal_Order[0..11] != '') otherwise '',
  
              SAP_Profit_Center: payload01.SAP_Profit_Center[0..9] when (payload01.SAP_Profit_Center[0..9] != null and payload01.SAP_Profit_Center[0..9] != '') otherwise '',
  
              Material_Code: payload01.Material_Code[0..17] when (payload01.Material_Code[0..17] != null and payload01.Material_Code[0..17] != '') otherwise '',
  
              BillDate: payload01.BillDate[0..7] when (payload01.BillDate[0..7] != null and payload01.BillDate[0..7] != '') otherwise '',
  
              Freight_Amount: payload01.Freight_Amount[0..14] when (payload01.Freight_Amount[0..14] != null and payload01.Freight_Amount[0..14] != '') otherwise '',
  
              Vendor_Number: payload01.Vendor_Number[0..9] when (payload01.Vendor_Number[0..9] != null and payload01.Vendor_Number[0..9] != '') otherwise '',
  
              Tax_Code: payload01.Tax_Code[0..1] when (payload01.Tax_Code[0..1] != null and payload01.Tax_Code[0..1] != '') otherwise '',
  
              Freight_Tax_Code: payload01.Freight_Tax_Code[0..1] when (payload01.Freight_Tax_Code[0..1] != null and payload01.Freight_Tax_Code[0..1] != '') otherwise '',
  
              Handling_Charge: payload01.Handling_Charge[0..14] when (payload01.Handling_Charge[0..14] != null and payload01.Handling_Charge[0..14] != '') otherwise '',
  
              Handling_Tax_Code: payload01.Handling_Tax_Code[0..1] when (payload01.Handling_Tax_Code[0..1] != null and payload01.Handling_Tax_Code[0..1] != '') otherwise '',
  
              ShippingTrackerNumber: payload01.ShippingTrackerNumber[0..19] when (payload01.ShippingTrackerNumber[0..19] != null and payload01.ShippingTrackerNumber[0..19] != '') otherwise '',
  
              HeaderText: payload01.HeaderText[0..49] when (payload01.HeaderText[0..49] != null and payload01.HeaderText[0..49] != '') otherwise ''
})
]]></dw:set-payload>
        </dw:transform-message>
        <message-properties-transformer doc:name="Message Properties" scope="invocation">
            <add-message-property key="ErrorSource" value="#['After mule picked file ']"/>
            <add-message-property key="originalContent" value="#[payload]"/>
            <add-message-property key="rowCount" value="#[payload.size()]"/>
            <add-message-property key="FileContent" value="#[payload]"/>
            <add-message-property key="BatchID" value="#[flowVars.DateOfInterface.substring(6,8)+flowVars.DateOfInterface.substring(0,2)+flowVars.DateOfInterface.substring(2,4)+flowVars.TimeStamp+'00']"/>
            <add-message-property key="OriginalFileName" value="#[message.inboundProperties.OriginalFileName]"/>
        </message-properties-transformer>
        <validation:is-true expression="#[flowVars.rowcount==flowVars.NoOfRecords]" doc:name="Check Row Count Matches"/>
        <!-- <set-variable variableName="ErrorSource" value="#['After mule picked file ']" doc:name="ErrorSource"/>
        <set-variable variableName="originalContent" value="#[payload]" doc:name="originalContent"/>
        <set-variable variableName="rowCount" value="#[payload.size()]" doc:name="rowCount"/>
        <set-variable variableName="FileContent" value="#[payload]" doc:name="FileContent"/>
        <set-variable variableName="BatchID" value="#[server.dateTime.format('yyMMddHHmmss')+&quot;00&quot;]" doc:name="BatchID"/>
        <set-variable variableName="fileName" value="#[message.inboundProperties.OriginalFileName]" doc:name="fileName"/> -->
        <message-properties-transformer doc:name="Start Message Properties" doc:description="stores the message properties for logging.">
            <add-message-property key="timestamp" value="#[server.dateTime.format(&quot;yyyy-MM-dd'T'HH:mm:ss.SSSZ&quot;)]"/>
            <add-message-property key="status" value="Success"/>
            <add-message-property key="messageID" value="#[message.id]"/>
            <add-message-property key="executionPoint" value="${executionPoint}"/>
            <add-message-property key="integrationName" value="${integrationName}"/>
            <add-message-property key="ip" value="#[server.ip]"/>
            <add-message-property key="serverName" value="#[server.host]"/>
            <add-message-property key="domainname" value="cocacola.com"/>
            <add-message-property key="sourceSystemName" value="${sourceSystemName}"/>
            <add-message-property key="targetSystemName" value="${targetSystemName}"/>
            <add-message-property key="resourceType" value="Connector"/>
            <add-message-property key="resourceName" value="#['SAP']"/>
        </message-properties-transformer>
        <logger message="#[LoggingAppendString]" level="INFO" doc:name="Flow start"/>
        <set-variable variableName="CurrentRecord" value="#[payload]" doc:name="Current Record"/>
        <set-variable variableName="ErrorSource" value="#['Before Y_CRET_INTF_BATCH Function Call to SAP']" doc:name="Error Source"/>
        <dw:transform-message doc:name="Transform Message">
            <dw:input-payload doc:sample="sample_data\list_flatfile_10.flatfile"/>
            <dw:input-variable doc:sample="sample_data\string_29.dwl" variableName="BatchID"/>
            <dw:set-payload><![CDATA[%dw 1.0
%output application/xml
---
{
	Y_CRET_INTF_BTCH: {
		import: {
			YBTCH_CNTL_REC: {
				PTNR_PRFL_NM: 'APDTS',
				MSG_TYPE_NM: 'YFIDCC1',
				BTCH_NBR: flowVars.BatchID
			}
		}
	}
}]]></dw:set-payload>
        </dw:transform-message>
        <sap:outbound-endpoint exchange-pattern="request-response" connector-ref="SAP" type="function" functionName="${sap.objectname}" outputXml="true" responseTimeout="10000" doc:name="SAP Create Batch">
            <reconnect frequency="${sap.reconnection.frequency}" count="${sap.reconnection.attempts}"/>
        </sap:outbound-endpoint>
        <set-payload value="#[flowVars.FileContent]" doc:name="Set Payload"/>
        <foreach doc:name="For Each">
            <choice doc:name="Check Company Code">
                <when expression="#[payload.SAP_Company_Code==&quot;0101&quot;]">
                    <set-variable variableName="FileName" value="#[server.dateTime.format('yyyyMMdd')+'_'+payload.SAP_Company_Code.trim()+'_'+payload.Ritway_Shipping_Instructions.trim()+'.txt']" doc:name="File Name"/>
                    <dw:transform-message metadata:id="425beccb-de4a-4312-acd1-f8b886773a31" doc:name="Transform Message">
                        <dw:input-payload doc:sample="sample_data\flatfile_1.flatfile"/>
                        <dw:set-payload><![CDATA[%dw 1.0
%output text/plain schemaPath="SampleFF.ffd"
---
[{
	PrefixCode: payload.PrefixCode,
	SAP_Company_Code: payload.SAP_Company_Code,
	SoldTo_ACN_Number: payload.SoldTo_ACN_Number,
	SoldTo_ACN_Name1: payload.SoldTo_ACN_Name1,
	SoldTo_ACN_Name2: payload.SoldTo_ACN_Name2,
	SoldTo_ACN_StreetAddress: payload.SoldTo_ACN_StreetAddress,
	SoldTo_ACN_CityName: payload.SoldTo_ACN_CityName,
	SoldTo_ACN_State: payload.SoldTo_ACN_State,
	SoldTo_ACN_ZipCode: payload.SoldTo_ACN_ZipCode,
	ShipTo_ACN_Number: payload.ShipTo_ACN_Number,
	ShipTo_ACN_Name1: payload.ShipTo_ACN_Name1,
	ShipTo_ACN_Name2: payload.ShipTo_ACN_Name2,
	ShipTo_ACN_StreetAddress: payload.ShipTo_ACN_StreetAddress,
	ShipTo_ACN_CityName: payload.ShipTo_ACN_CityName,
	ShipTo_ACN_State: payload.ShipTo_ACN_State,
	ShipTo_ACN_ZipCode: payload.ShipTo_ACN_ZipCode,
	InvoiceDate: payload.InvoiceDate,
	ItemNumber: payload.ItemNumber,
	ItemDescription: payload.ItemDescription,
	UnitOfMeasure: payload.UnitOfMeasure,
	Quantity: payload.Quantity,
	Unit_Price: payload.Unit_Price,
	Total_Price_ExcludingTax: payload.Total_Price_ExcludingTax,
	Taxable_Amount: payload.Taxable_Amount,
	InvoiceTotalAmount_IncludingTax: payload.InvoiceTotalAmount_IncludingTax,
	LineItem_GL_AccountNumber: payload.LineItem_GL_AccountNumber,
	Order_Placers_Name: payload.Order_Placers_Name,
	Customer_Order_Number: payload.Customer_Order_Number,
	Order_Placers_Email: payload.Order_Placers_Email,
	Ritway_Shipping_Instructions: payload.Ritway_Shipping_Instructions,
	Item_Description2: payload.Item_Description2,
	Program_Code: payload.Program_Code,
	Program_Name: payload.Program_Name,
	SAP_Cost_Center: payload.SAP_Cost_Center,
	SAP_Internal_Order: payload.SAP_Internal_Order,
	SAP_Profit_Center: payload.SAP_Profit_Center,
	Material_Code: payload.Material_Code,
	BillDate: payload.BillDate,
	Freight_Amount: payload.Freight_Amount,
	Vendor_Number: payload.Vendor_Number,
	Tax_Code: payload.Tax_Code,
	Freight_Tax_Code: payload.Freight_Tax_Code,
	Handling_Charge: payload.Handling_Charge,
	Handling_Tax_Code: payload.Handling_Tax_Code,
	ShippingTrackerNumber: payload.ShippingTrackerNumber,
	HeaderText: payload.HeaderText
}]]]></dw:set-payload>
                    </dw:transform-message>
                    <expression-transformer expression="#[payload+'\n']" doc:name="Expression"/>
                    <object-to-byte-array-transformer doc:name="Object to Byte Array"/>
                    <file:outbound-endpoint path="${separatefiles.path}" outputPattern="#[flowVars.FileName]" connector-ref="File" responseTimeout="10000" metadata:id="d6b93d59-f9a2-47b9-8ba2-6c8f69743892" doc:name="Seperate Files"/>
                </when>
                <otherwise>
                    <logger message="#['SAP_Company_Code is not equal to 0101, skipping record']" level="INFO" doc:name="Do Nothing"/>
                </otherwise>
            </choice>
        </foreach>
       
       <foreach doc:name="For Each">
            <mulerequester:request config-ref="Mule_Requester" resource="globalFileEndpoint" doc:name="Read Files"/>
            <choice doc:name="Check Payload">
                <when expression="#[payload != null]">
                    <dw:transform-message metadata:id="67805f25-63ea-4569-9c5b-26cb078c148d" doc:name="Transform Message">
                        <dw:input-payload doc:sample="sample_data\list_flatfile_8.flatfile" mimeType="text/plain">
                            <dw:reader-property name="schemaPath" value="SampleFF.ffd"/>
                        </dw:input-payload>
                        <dw:set-payload><![CDATA[%dw 1.0
%output application/java 
---
payload map ((payload01 , indexOfPayload01) -> {
	PrefixCode: payload01.PrefixCode,
	SAP_Company_Code: payload01.SAP_Company_Code,
	SoldTo_ACN_Number: payload01.SoldTo_ACN_Number,
	SoldTo_ACN_Name1: payload01.SoldTo_ACN_Name1,
	SoldTo_ACN_Name2: payload01.SoldTo_ACN_Name2,
	SoldTo_ACN_StreetAddress: payload01.SoldTo_ACN_StreetAddress,
	SoldTo_ACN_CityName: payload01.SoldTo_ACN_CityName,
	SoldTo_ACN_State: payload01.SoldTo_ACN_State,
	SoldTo_ACN_ZipCode: payload01.SoldTo_ACN_ZipCode,
	ShipTo_ACN_Number: payload01.ShipTo_ACN_Number,
	ShipTo_ACN_Name1: payload01.ShipTo_ACN_Name1,
	ShipTo_ACN_Name2: payload01.ShipTo_ACN_Name2,
	ShipTo_ACN_StreetAddress: payload01.ShipTo_ACN_StreetAddress,
	ShipTo_ACN_CityName: payload01.ShipTo_ACN_CityName,
	ShipTo_ACN_State: payload01.ShipTo_ACN_State,
	ShipTo_ACN_ZipCode: payload01.ShipTo_ACN_ZipCode,
	InvoiceDate: payload01.InvoiceDate,
	ItemNumber: payload01.ItemNumber,
	ItemDescription: payload01.ItemDescription,
	UnitOfMeasure: payload01.UnitOfMeasure,
	Quantity: payload01.Quantity,
	Unit_Price: payload01.Unit_Price,
	Total_Price_ExcludingTax: payload01.Total_Price_ExcludingTax,
	Taxable_Amount: payload01.Taxable_Amount,
	InvoiceTotalAmount_IncludingTax: payload01.InvoiceTotalAmount_IncludingTax,
	LineItem_GL_AccountNumber: payload01.LineItem_GL_AccountNumber,
	Order_Placers_Name: payload01.Order_Placers_Name,
	Customer_Order_Number: payload01.Customer_Order_Number,
	Order_Placers_Email: payload01.Order_Placers_Email,
	Ritway_Shipping_Instructions: payload01.Ritway_Shipping_Instructions,
	Item_Description2: payload01.Item_Description2,
	Program_Code: payload01.Program_Code,
	Program_Name: payload01.Program_Name,
	SAP_Cost_Center: payload01.SAP_Cost_Center,
	SAP_Internal_Order: payload01.SAP_Internal_Order,
	SAP_Profit_Center: payload01.SAP_Profit_Center,
	Material_Code: payload01.Material_Code,
	BillDate: payload01.BillDate,
	Freight_Amount: payload01.Freight_Amount,
	Vendor_Number: payload01.Vendor_Number,
	Tax_Code: payload01.Tax_Code,
	Freight_Tax_Code: payload01.Freight_Tax_Code,
	Handling_Charge: payload01.Handling_Charge,
	Handling_Tax_Code: payload01.Handling_Tax_Code,
	ShippingTrackerNumber: payload01.ShippingTrackerNumber,
	HeaderText: payload01.HeaderText
})]]></dw:set-payload>
                    </dw:transform-message>
                    <set-variable variableName="currentRowCount" value="#[payload.size()]" doc:name="Current Row Count"/>
                    <foreach doc:name="For Each">
                        <set-variable variableName="ErrorSource" value="#['Before FIDCCP01-YFIDCCP2 IDOC Call to SAP']" doc:name="Error Source"/>
                        <dw:transform-message metadata:id="23f8f517-0ed0-459c-bfb9-cfff0b933d20" doc:name="Transform Message">
                            <dw:input-payload doc:sample="sample_data\flatfile_6.flatfile"/>
                            <dw:input-variable doc:sample="sample_data\string_40.dwl" variableName="BatchID" mimeType="application/java"/>
                            <dw:input-variable doc:sample="sample_data\string_38.dwl" mimeType="application/java" variableName="fileName"/>
                            <dw:input-variable variableName="rowCount"/>
                            <dw:input-variable doc:sample="sample_data\integer_13.dwl" variableName="counter"/>
                            <dw:input-variable doc:sample="sample_data\integer_14.dwl" variableName="currentRowCount"/>
                            <dw:input-variable doc:sample="sample_data\string_41.dwl" mimeType="application/java" variableName="OriginalFileName"/>
                            <dw:set-payload><![CDATA[%dw 1.0
%output application/xml encoding = "UTF-8"
---
{
	YFIDCCP2: {
		IDOC @(BEGIN: 1): {
			EDI_DC40 @(SEGMENT:"1"): {
				TABNAM: 'EDI_DC40',
				MANDT: '010',
				DOCREL: '640',
				DIRECT: '2',
				IDOCTYP: 'FIDCCP01',
				CIMTYP: 'YFIDCCP2',
				MESTYP: 'YFIDCC1',
				MESCOD: 'FI',
				SNDPOR: 'EDIPORT',
				SNDPRT: 'LS',
				SNDPRN: 'APDTS',
				RCVPOR: 'SAP' ++ p('sap.env'),
				RCVPRT: 'LS',
				RCVPRN: p('sap.env') ++ 'CLNT' ++ '010',
				REFINT: flowVars.BatchID
			},
			E1FIKPF @(SEGMENT:"1"): {
				BUKRS: '0101',
				BLART: 'KR',
				BLDAT: now as :date {format: "yyMMdd"},
				BUDAT: now as :date {format: "yyMMdd"},
				WWERT: now as :date {format: "yyMMdd"},
				XBLNR: trim payload.Ritway_Shipping_Instructions when (payload.Ritway_Shipping_Instructions != null and payload.Ritway_Shipping_Instructions != '') otherwise '',
				BKTXT: trim payload.Customer_Order_Number when (payload.Customer_Order_Number != null and payload.Customer_Order_Number != '') otherwise '',
				WAERS: 'USD',
				ZAPINT @(SEGMENT:"1") : {
					ITEM: payload.ItemNumber when (payload.ItemNumber != null and payload.ItemNumber != '') otherwise '',
					ITEMDESC: payload.ItemDescription when (payload.ItemDescription != null and payload.ItemDescription != '') otherwise '',
					BUKRS: payload.SAP_Company_Code as :string when (payload.SAP_Company_Code != null and payload.SAP_Company_Code != '') otherwise '',
					ZBLNR: payload.Ritway_Shipping_Instructions when (payload.Ritway_Shipping_Instructions != null and payload.Ritway_Shipping_Instructions != '') otherwise '',
					LIFNR: payload.Vendor_Number when (payload.Vendor_Number != null and payload.Vendor_Number != '') otherwise '',
					SAKNR: payload.LineItem_GL_AccountNumber when (payload.LineItem_GL_AccountNumber != null and payload.LineItem_GL_AccountNumber != '') otherwise '',
					INVDATE: payload.InvoiceDate when (payload.InvoiceDate != null and payload.InvoiceDate != '') otherwise '',
					INVTOT: payload.InvoiceTotalAmount_IncludingTax when (payload.InvoiceTotalAmount_IncludingTax != null and payload.InvoiceTotalAmount_IncludingTax != '') otherwise '',
					INV_TX: payload.Taxable_Amount when (payload.Taxable_Amount != null and payload.Taxable_Amount != '') otherwise '',
					MWSKZ: payload.Tax_Code when (payload.Tax_Code != null and payload.tmp != '') otherwise '',
					WAERS: "USD",
					ZLSCH: "C",
					KOSTL: payload.SAP_Cost_Center when (payload.SAP_Cost_Center != null and payload.SAP_Cost_Center != '') otherwise '',
					STATUS: "R",
					SHOP_CART: payload.Customer_Order_Number when (payload.Customer_Order_Number != null and payload.Customer_Order_Number != '') otherwise '',
					AUFNR: payload.SAP_Internal_Order when (payload.SAP_Internal_Order != null and payload.SAP_Internal_Order != '') otherwise '',
					MAT_CODE: payload.Material_Code when (payload.Material_Code != null and payload.Material_Code != '') otherwise '',
					BILL_DATE: payload.BillDate when (payload.BillDate != null and payload.BillDate != '') otherwise '',
					FREIGHT_AMT: payload.Freight_Amount when (payload.Freight_Amount != null and payload.Freight_Amount != '') otherwise '',
					FRGHT_TAX_CODE: payload.Freight_Tax_Code when (payload.Freight_Tax_Code != null and payload.Freight_Tax_Code != '') otherwise '',
					HANDLG_CHARGE: payload.Handling_Charge when (payload.Handling_Charge != null and payload.Handling_Charge != '') otherwise '',
					HANDLG_TXCODE: payload.Handling_Tax_Code when (payload.Handling_Tax_Code != null and payload.Handling_Tax_Code != '') otherwise '',
					SHIP_TRAC_NUM: payload.ShippingTrackerNumber when (payload.ShippingTrackerNumber != null and payload.ShippingTrackerNumber != '') otherwise '',
					SH_ACN_CITY: payload.ShipTo_ACN_CityName when (payload.ShipTo_ACN_CityName != null and payload.ShipTo_ACN_CityName != '') otherwise '',
					SH_ACN: payload.ShipTo_ACN_Number when (payload.ShipTo_ACN_Number != null and payload.ShipTo_ACN_Number != '') otherwise '',
					KTEXT: payload.HeaderText when (payload.HeaderText != null and payload.HeaderText != '') otherwise '',
					SH_ACN_STATE: payload.SoldTo_ACN_State when (payload.SoldTo_ACN_State != null and payload.SoldTo_ACN_State != '') otherwise '',
					SH_ACN_ZIP: payload.SoldTo_ACN_ZipCode when (payload.SoldTo_ACN_ZipCode != null and payload.SoldTo_ACN_ZipCode != '') otherwise '',
					QUANTY: payload.Quantity as :number { format: "##"} when (payload.Quantity != null and payload.Quantity != '') otherwise '',
					KZWI1: payload.Unit_Price when (payload.Unit_Price != null and payload.Unit_Price != '') otherwise '',
					ERNAM: payload.Order_Placers_Name when (payload.Order_Placers_Name != null and payload.Order_Placers_Name != '') otherwise '',
					SMTP_ADDR: payload.Order_Placers_Email when (payload.Order_Placers_Email != null and payload.Order_Placers_Email != '') otherwise '',
					FILENAME: flowVars.OriginalFileName as :string when (flowVars.OriginalFileName != null and flowVars.OriginalFileName != '') otherwise '',
					PRGCODE: payload.Program_Code when (payload.Program_Code != null and payload.Program_Code != '') otherwise '',
					PRGNAME: payload.Program_Name when (payload.Program_Name != null and payload.Program_Name != '') otherwise ''
				},
				E1FISEG @(SEGMENT:"1"): {
					BUZEI: flowVars.counter as :number,
					BSCHL: '50' when (payload.InvoiceTotalAmount_IncludingTax as :number) < 0 otherwise '40',
					MWSKZ: payload.Tax_Code when (payload.Tax_Code != null and payload.Tax_Code != '') otherwise '',
					WRBTR: payload.InvoiceTotalAmount_IncludingTax as :string { format: "####.##"} when payload.Tax_Code == 'NaN' otherwise payload.Total_Price_ExcludingTax as :string { format: "####.##"},
					ZUONR: payload.SoldTo_ACN_Number when (payload.SoldTo_ACN_Number != null and payload.SoldTo_ACN_Number != '') otherwise '',
					SGTXT: payload.HeaderText when (payload.HeaderText != null and payload.HeaderText != '') otherwise '',
					KOSTL: '' when payload.ItemNumber startsWith "9" otherwise payload.SAP_Cost_Center,
					AUFNR: payload.SAP_Internal_Order when (payload.SAP_Internal_Order != null and payload.SAP_Internal_Order != '') otherwise '',
					HKONT: trim payload.LineItem_GL_AccountNumber as :string {format:"0000000000"},
					MATNR: payload.Material_Code when (payload.Material_Code != null and payload.Material_Code != '') otherwise '',
					PRCTR: payload.SAP_Profit_Center when (payload.SAP_Profit_Center != null and payload.SAP_Profit_Center != '') otherwise '',
					XREF1: ('COUPREDREIMB' when ((payload.ItemNumber startsWith "01") and (sizeOf payload.ItemNumber) == 6) otherwise ('CR_SEV' when payload.ItemNumber startsWith "0" otherwise payload.ItemNumber)) when (payload.ItemNumber != null and payload.ItemNumber != '') otherwise '',
					XREF3: payload.SoldTo_ACN_Number when (payload.SoldTo_ACN_Number != null and payload.SoldTo_ACN_Number != '') otherwise ''
					
				},
				E1FISEG @(SEGMENT:"1"): {
					BUZEI: ((flowVars.currentRowCount as :number)*4) + (flowVars.counter as :number),
					BSCHL: '21' when (payload.InvoiceTotalAmount_IncludingTax as :number + payload.Handling_Charge as :number) < 0 otherwise '31',
					MWSKZ: payload.Tax_Code when (payload.Tax_Code != null and payload.Tax_Code != '') otherwise '',
					WRBTR: (((payload.InvoiceTotalAmount_IncludingTax as :number { format: "####.##"}) when (payload.InvoiceTotalAmount_IncludingTax != null and payload.InvoiceTotalAmount_IncludingTax != '') otherwise 0) + (payload.Handling_Charge as :number { format: "####.##"} when (payload.Handling_Charge != null and payload.Handling_Charge != '') otherwise 0)) as :string { format: "####.##"},
					ZUONR: payload.SoldTo_ACN_Number when (payload.SoldTo_ACN_Number != null and payload.SoldTo_ACN_Number != '') otherwise '',
					SGTXT: payload.HeaderText when (payload.HeaderText != null and payload.HeaderText != '') otherwise '',
					KOSTL: payload.SAP_Cost_Center when (payload.SAP_Cost_Center != null and payload.SAP_Cost_Center != '') otherwise '',
					AUFNR: payload.SAP_Internal_Order when (payload.SAP_Internal_Order != null and payload.SAP_Internal_Order != '') otherwise '',
					MATNR: payload.Material_Code when (payload.Material_Code != null and payload.Material_Code != '') otherwise '',
					PRCTR: payload.SAP_Profit_Center when (payload.SAP_Profit_Center != null and payload.SAP_Profit_Center != '') otherwise '',
					XREF3: payload.SoldTo_ACN_Number when (payload.SoldTo_ACN_Number != null and payload.SoldTo_ACN_Number != '') otherwise '',
					E1FINBU @(SEGMENT:"1") : {
						LIFNR: payload.Vendor_Number when (payload.Vendor_Number != null and payload.Vendor_Number != '') otherwise ''
					}
				},
				
				E1FISEG @(SEGMENT:"1"): {
					BUZEI: (flowVars.currentRowCount as :number)  + (flowVars.counter as :number),
					BSCHL: '40' when (payload.InvoiceTotalAmount_IncludingTax as :number) < 0 otherwise '50',
					MWSKZ: payload.Tax_Code when (payload.Tax_Code != null and payload.Tax_Code != '') otherwise '',
					WRBTR: payload.Freight_Amount as :string { format: "####.##"} when (payload.Freight_Amount != null and payload.Freight_Amount != '') otherwise "0.00",
					ZUONR: payload.SoldTo_ACN_Number when (payload.SoldTo_ACN_Number != null and payload.SoldTo_ACN_Number != '') otherwise '',
					SGTXT: (payload.HeaderText when (payload.HeaderText != null and payload.HeaderText != '') otherwise '') ++ 'FREIGHT SI' ++ '' ++ (payload.Ritway_Shipping_Instructions as :string),
					KOSTL: payload.SAP_Cost_Center when (payload.SAP_Cost_Center != null and payload.SAP_Cost_Center != '') otherwise '',
					AUFNR: payload.SAP_Internal_Order when (payload.SAP_Internal_Order != null and payload.SAP_Internal_Order != '') otherwise '',
					MATNR: payload.Material_Code when (payload.Material_Code != null and payload.Material_Code != '') otherwise '',
					PRCTR: payload.SAP_Profit_Center when (payload.SAP_Profit_Center != null and payload.SAP_Profit_Center != '') otherwise '',
					XREF1: 'Freight',
					XREF3: payload.SoldTo_ACN_Number when (payload.SoldTo_ACN_Number != null and payload.SoldTo_ACN_Number != '') otherwise ''
				},
				E1FISEG @(SEGMENT:"1"): {
					BUZEI: ((flowVars.currentRowCount as :number)*2) + (flowVars.counter as :number),
					BSCHL: '50' when (payload.InvoiceTotalAmount_IncludingTax as :number) < 0 otherwise '40',
					MWSKZ: payload.Tax_Code when (payload.Tax_Code != null and payload.Tax_Code != '') otherwise '',
					WRBTR: payload.Handling_Charge as :string { format: "####.##"} when (payload.Handling_Charge != null and payload.Handling_Charge != '') otherwise "0.00",
					ZUONR: payload.SoldTo_ACN_Number when (payload.SoldTo_ACN_Number != null and payload.SoldTo_ACN_Number != '') otherwise '',
					SGTXT: 'HANDLING CHARGE SI' ++ '' ++ payload.Ritway_Shipping_Instructions,
					KOSTL: payload.SAP_Cost_Center when (payload.SAP_Cost_Center != null and payload.SAP_Cost_Center != '') otherwise '',
					AUFNR: payload.SAP_Internal_Order when (payload.SAP_Internal_Order != null and payload.SAP_Internal_Order != '') otherwise '',
					HKONT: trim payload.LineItem_GL_AccountNumber as :string {format:"0000000000"},
					MATNR: payload.Material_Code when (payload.Material_Code != null and payload.Material_Code != '') otherwise '',
					PRCTR: payload.SAP_Profit_Center when (payload.SAP_Profit_Center != null and payload.SAP_Profit_Center != '') otherwise '',
					XREF1: 'Handling',
					XREF3: payload.SoldTo_ACN_Number when (payload.SoldTo_ACN_Number != null and payload.SoldTo_ACN_Number != '') otherwise ''
				},
				E1FISEG @(SEGMENT:"1"): {
					BUZEI: ((flowVars.currentRowCount as :number)*3) + flowVars.counter as :number,
					BSCHL: '50' when (payload.InvoiceTotalAmount_IncludingTax as :number) < 0 otherwise '40',
					MWSKZ: payload.Freight_Tax_Code when (payload.Freight_Tax_Code != null and payload.Freight_Tax_Code != '') otherwise '',
					WRBTR: payload.Freight_Amount as :string { format: "####.##"} when (payload.Freight_Amount != null and payload.Freight_Amount != '') otherwise "0.00",
					ZUONR: payload.SoldTo_ACN_Number when (payload.SoldTo_ACN_Number != null and payload.SoldTo_ACN_Number != '') otherwise '',
					SGTXT: (payload.HeaderText when (payload.HeaderText != null and payload.HeaderText != '') otherwise '') ++ 'FREIGHT ACCRUAL SI' ++ '' ++ (payload.Ritway_Shipping_Instructions as :string),
					KOSTL: '' when payload.ItemNumber startsWith "9" otherwise payload.SAP_Cost_Center,
					AUFNR: payload.SAP_Internal_Order when (payload.SAP_Internal_Order != null and payload.SAP_Internal_Order != '') otherwise '',
					HKONT: trim payload.LineItem_GL_AccountNumber as :string {format:"0000000000"},
					MATNR: payload.Material_Code when (payload.Material_Code != null and payload.Material_Code != '') otherwise '',
					PRCTR: payload.SAP_Profit_Center when (payload.SAP_Profit_Center != null and payload.SAP_Profit_Center != '') otherwise '',
					XREF1: 'Freight',
					XREF3: payload.SoldTo_ACN_Number when (payload.SoldTo_ACN_Number != null and payload.SoldTo_ACN_Number != '') otherwise ''
				}
				
			}
		}
	}
}]]></dw:set-payload>
                        </dw:transform-message>
                        <sap:outbound-endpoint connector-ref="SAP" type="idoc" functionName="${idoc.object}" outputXml="true" responseTimeout="10000" doc:name="SAP Post IDOC">
                            <reconnect frequency="${sap.reconnection.frequency}" count="${sap.reconnection.attempts}"/>
                        </sap:outbound-endpoint>


                    </foreach>
                </when>
                <otherwise>
                    <logger message="No File Present." level="INFO" doc:name="Do Nothing"/>
                </otherwise>
            </choice>
                </foreach>
            <set-variable variableName="ErrorSource" value="#['Before Y_RAISE_EVENT Function Call to SAP']" doc:name="Error Source"/>
                <dw:transform-message metadata:id="b27a3227-f6b9-47c8-8e1d-f38f813a8cf0" doc:name="Transform Message">
                    <dw:input-payload mimeType="application/java"/>
                    <dw:set-payload><![CDATA[%dw 1.0
%output application/xml
---
{
	Y_RAISE_EVENT: {
		import: {
			BATCHID: flowVars.BatchID,
			SNDPRN: 'APDTS'
		}
	}
}]]></dw:set-payload>
                </dw:transform-message>
                <sap:outbound-endpoint connector-ref="SAP" type="function" functionName="${event.object.name}" outputXml="true" responseTimeout="10000" doc:name="SAP RAISE EVENT">
            <reconnect frequency="${sap.reconnection.frequency}" count="${sap.reconnection.attempts}"/>
        </sap:outbound-endpoint>
                 <!-- <set-payload value="#[flowVars.OriginalFileContent]" doc:name="Set Payload-FFContent"/> -->
                <!-- <set-variable variableName="ErrorSource" value="#['Before Pushing the file to AXWAY']" doc:name="Error Source"/> -->
        <!-- <file:outbound-endpoint responseTimeout="10000" doc:name="File" connector-ref="File" outputPattern="#[flowVars.OriginalFileName]" path="/tmp/Coke_Catalog/dev/out"/> -->
         <message-properties-transformer doc:name="Flow End Log Properties">
            <add-message-property key="timestamp" value="#[server.dateTime.format(&quot;yyyy-MM-dd'T'HH:mm:ss.SSSZ&quot;)]"/>
            <add-message-property key="messageID" value="#[message.id]"/>
            <add-message-property key="status" value="Success"/>
            <add-message-property key="executionPoint" value="IDoc_Posting Flow End"/>
            <add-message-property key="integrationName" value="${integrationName}"/>
            <add-message-property key="ip" value="#[server.ip]"/>
            <add-message-property key="serverName" value="#[server.host]"/>
            <add-message-property key="domainname" value="${domainvalue}"/>
            <add-message-property key="sourceSystemName" value="${sourceSystemId}"/>
            <add-message-property key="targetSystemName" value="${targetSystemId}"/>
            <add-message-property key="resourceType" value="SAP"/>
            <add-message-property key="resourceName" value="IDoc"/>
        </message-properties-transformer>
				<logger message="#[LoggingAppendString]" level="INFO" doc:name="Flow end"/>
        <exception-strategy ref="Common-Exception-Strategy" doc:name="Reference Exception Strategy"/>
            
        

        <!-- <sftp:outbound-endpoint exchange-pattern="one-way" host="${sftp.host}" port="${sftp.port}" responseTimeout="10000" doc:name="Axway Push File" connector-ref="SFTP1" outputPattern="#[flowVars.OriginalFileName]" path="${sftp.out.path}" user="${sftp.user.push}"/> -->

    </flow>
    <flow name="sapna_coke_catalogFlow" >
        <file:inbound-endpoint path="${cloudhub.archive}" connector-ref="File" responseTimeout="10000" doc:name="File"/>
        <set-variable variableName="ErrorSource" value="#['Before Pushing the file to AXWAY']" doc:name="Error Source"/>
        <sftp:outbound-endpoint exchange-pattern="one-way" host="${sftp.host}" port="${sftp.port}" responseTimeout="10000" doc:name="Axway Push File" connector-ref="SFTP1" outputPattern="#[flowVars.OriginalFileName]" path="${sftp.out.path}" user="${sftp.user.push}"/>
    </flow>

 
</mule>
