<?xml version="1.0" encoding="UTF-8"?>

<mule xmlns:mulerequester="http://www.mulesoft.org/schema/mule/mulerequester" xmlns:http="http://www.mulesoft.org/schema/mule/http" xmlns:msmq="http://www.mulesoft.org/schema/mule/msmq" xmlns:amqp="http://www.mulesoft.org/schema/mule/amqp" xmlns:context="http://www.springframework.org/schema/context"
	xmlns:file="http://www.mulesoft.org/schema/mule/file"
	xmlns:vm="http://www.mulesoft.org/schema/mule/vm"
	xmlns="http://www.mulesoft.org/schema/mule/core" xmlns:doc="http://www.mulesoft.org/schema/mule/documentation"
	xmlns:spring="http://www.springframework.org/schema/beans" 
	xmlns:xsi="http://www.w3.org/2001/XMLSchema-instance" 
	xsi:schemaLocation="http://www.springframework.org/schema/context http://www.springframework.org/schema/context/spring-context-current.xsd
http://www.mulesoft.org/schema/mule/file http://www.mulesoft.org/schema/mule/file/current/mule-file.xsd
http://www.mulesoft.org/schema/mule/vm http://www.mulesoft.org/schema/mule/vm/current/mule-vm.xsd
http://www.springframework.org/schema/beans http://www.springframework.org/schema/beans/spring-beans-current.xsd
http://www.mulesoft.org/schema/mule/core http://www.mulesoft.org/schema/mule/core/current/mule.xsd
http://www.mulesoft.org/schema/mule/amqp http://www.mulesoft.org/schema/mule/amqp/current/mule-amqp.xsd
http://www.mulesoft.org/schema/mule/msmq http://www.mulesoft.org/schema/mule/msmq/current/mule-msmq.xsd
http://www.mulesoft.org/schema/mule/http http://www.mulesoft.org/schema/mule/http/current/mule-http.xsd
http://www.mulesoft.org/schema/mule/mulerequester http://www.mulesoft.org/schema/mule/mulerequester/current/mule-mulerequester.xsd">


 <spring:beans>

	<!-- THIS PART SHOULD BE CHANGED ONLY IF YOU REALLY NEED IT *********************BEGIN******************* -->
	<notifications>
		<!-- what notifications are we listening to? -->
		<notification event="COMPONENT-MESSAGE" />
		<notification event="ENDPOINT-MESSAGE" />
		<notification event="MESSAGE-PROCESSOR" />
		<!-- inform which beans are acting as listeners -->
		<!-- sets up the uniquestring. -->
		<notification-listener ref="setupAndNotificationLogger" />
	</notifications>

	<!-- This section has the notification logger registered. If you want to 
		ahve an addtional part tot he log or do a deeper level change, you could 
		define your notificationlogger. -->
	<spring:bean name="setupAndNotificationLogger"
		class="com.cocacola.logging.notification.CommonNotificationLogger">
		<spring:property name="projectIdentifier" value="${projectName}" />
		<spring:property name="uniquestringIdentifier" value="${uniQueKeyString}" />
		<spring:property name="convertorUtil">
			<spring:ref local="convertionUtil" />
		</spring:property>
		<spring:property name="payloadFactory">
			<spring:ref local="payloadFactoryBean" />
		</spring:property>
		<spring:property name="usecaseFactory">
			<spring:ref local="usecaseFactoryBean" />
		</spring:property>
		<spring:property name="environmentFactory">
			<spring:ref local="environmentFactoryBean" />
		</spring:property>
		<spring:property name="executionFactory">
			<spring:ref local="executionFactoryBean" />
		</spring:property>
		<spring:property name="exceptionFactory">
			<spring:ref local="exceptionFactoryBean" />
		</spring:property>
	</spring:bean>
	

	<!-- Define all the factory beans. You should not need to touch this part 
		unless you want to have your own fatory -->
	<spring:bean id="payloadFactoryBean"
		class="com.cocacola.logging.classes.AbstractPayloadLogBeanFactory">
		<spring:lookup-method name="getPayloadLogBean"
			bean="LoggingPayloadBean" />
	</spring:bean>
	<spring:bean id="usecaseFactoryBean"
		class="com.cocacola.logging.classes.AbstractUsecaseLogBeanFactory">
		<spring:lookup-method name="getUsecaseLogBean"
			bean="LoggingUsecaseBean" />
	</spring:bean>
	<spring:bean id="environmentFactoryBean"
		class="com.cocacola.logging.classes.AbstractEnvironmentLogBeanFactory">
		<spring:lookup-method name="getEnvironmentLogBean"
			bean="LoggingEnvironmentBean" />
	</spring:bean>
	<spring:bean id="executionFactoryBean"
		class="com.cocacola.logging.classes.AbstractExecutionLogBeanFactory">
		<spring:lookup-method name="getExecutionLogBean"
			bean="LoggingExecutionBean" />
	</spring:bean>
	<spring:bean id="exceptionFactoryBean"
		class="com.cocacola.logging.classes.AbstractExceptionLogBeanFactory">
		<spring:lookup-method name="getExceptionLogBean"
			bean="LoggingExceptionBean" />
	</spring:bean>
	<spring:bean id="convertionUtil"
		class="com.cocacola.logging.classes.JSONConvertorUtil" scope="prototype" />   
         
 
 
<!-- ******************END*****************************  -->


	<!-- THIS PART ONWARDS CAN BE CHANGED IF YOU WANT TO CHANGE WHAT IS LOGGED 
		AT USECASE LEVEL -->

	<!-- If you want to add the logger based on your payload, you should do 
		it here. Try to keep it as generic as possible. and have a limited number 
		of payload types -->

	<spring:bean id="LoggingPayloadBean"
		class="com.cocacola.logging.splunk.SplunkPayloadLog" scope="prototype">
		<!-- <spring:property name="payloadTracking" value="ON" /> -->
<!-- 		<spring:property name="payloadAttributes" value="${payloadAttributes}" /> -->
	</spring:bean>


	<spring:bean id="LoggingUsecaseBean"
		class="com.cocacola.logging.splunk.SplunkUsecaseLog" scope="prototype">
		<spring:property name="integrationId" value="${integrationId}" />
		<spring:property name="integrationIdValue" value="${integrationIdValue}" />
		<spring:property name="sourceSystemId" value="${sourceSystemId}" />
		<spring:property name="sourceSystemValue" value="${sourceSystemValue}" />
		<spring:property name="targetSystemId" value="${targetSystemId}" />
		<spring:property name="targetSystemValue" value="${targetSystemValue}" />
		<spring:property name="integrationName" value="${integrationName}" />
		<spring:property name="integrationNameValue" value="${integrationNameValue}" />		
		<spring:property name="resourceType" value="${resourceType}" />
		<spring:property name="resourceTypeValue" value="${resourceTypeValue}" />
		<spring:property name="resourceName" value="${resourceName}" />
		<spring:property name="resourceNameValue" value="${resourceNameValue}" />
		<spring:property name="correlationID" value="${correlationID}" />
		<!-- <spring:property name="groupID" value="${groupID}"/> -->
	</spring:bean>
	
	
	<spring:bean id="LoggingEnvironmentBean"
		class="com.cocacola.logging.splunk.SplunkEnvironmentLog" scope="prototype">
		<spring:property name="ip" value="${ip}" />
		<spring:property name="serverName" value="${serverName}" />
		<spring:property name="domainname" value="${domainname}" />
	</spring:bean>
	
	<spring:bean id="LoggingExecutionBean"
		class="com.cocacola.logging.splunk.SplunkExecutionLog" scope="prototype">
		<spring:property name="timestamp" value="${timestamp}" />
<!-- 		<spring:property name="correlationID" value="${correlationID}" /> -->
		<spring:property name="messageID" value="${messageID}" />
		<spring:property name="status" value="${status}" />
		<spring:property name="executionPoint" value="${executionPoint}" />
		<spring:property name="globalidentifier" value="CorelationID" />
	</spring:bean>
	
	<spring:bean id="LoggingExceptionBean"
		class="com.cocacola.logging.splunk.SplunkExceptionLog" scope="prototype">
		<spring:property name="errorCode" value="${errorCode}" />
		<spring:property name="errorText" value="${errorText}" />
		<spring:property name="errorType" value="${errorType}" />
	</spring:bean>   
    
  </spring:beans> 
      
      
   <sub-flow name="begin_info_logging_sub_flow">
		<flow-ref name="logging_properties_sub_flow" doc:name="Flow Ref: logging_properties_sub_flow"/>
		<message-properties-transformer doc:name="Setting Message Properties">
			<add-message-property key="executionPoint" value="#[message.outboundProperties.startExecutionPoint]" />
		</message-properties-transformer>
		<logger message="#[LoggingAppendString]" level="INFO" doc:name="Begin Logger" />
	</sub-flow>
	
	<sub-flow name="end_info_logging_sub_flow">
		<flow-ref name="logging_properties_sub_flow" doc:name="Flow Ref: logging_properties_sub_flow"/>
		<message-properties-transformer doc:name="Setting Message Properties">
			 <add-message-property key="executionPoint" value="#[message.outboundProperties.endExecutionPoint]"/>
		</message-properties-transformer>
		<logger message="#[LoggingAppendString]" level="INFO" doc:name="End Logger" />
	</sub-flow>
	
	<sub-flow name="begin_debug_logging_sub_flow">
		<flow-ref name="logging_properties_sub_flow" doc:name="Flow Ref: logging_properties_sub_flow"/>
		<message-properties-transformer doc:name="Setting Message Properties">
			<add-message-property key="executionPoint" value="#[message.outboundProperties.startExecutionPoint]" />
		</message-properties-transformer>
		<logger message="#[LoggingAppendString]" level="DEBUG" doc:name="Begin Logger" />
	</sub-flow>
	
	<sub-flow name="end_debug_logging_sub_flow">
		<flow-ref name="logging_properties_sub_flow" doc:name="Flow Ref: logging_properties_sub_flow"/>
		<message-properties-transformer doc:name="Setting Message Properties">
			 <add-message-property key="executionPoint" value="#[message.outboundProperties.endExecutionPoint]"/>
		</message-properties-transformer>
		<logger message="#[LoggingAppendString]" level="DEBUG" doc:name="End Logger" />
	</sub-flow>
	
	
	<sub-flow name="logging_properties_sub_flow">
		<message-properties-transformer doc:name="Setting Message Properties">
			<add-message-property key="timestamp" value="#[server.dateTime.format(&quot;yyyy-MM-dd'T'HH:mm:ss.SSSZ&quot;)]" />
			<add-message-property key="messageID" value="#[message.id]" />
			<add-message-property key="ip" value="#[server.ip]" />
			<add-message-property key="status" value="Success" />
			<add-message-property key="serverName" value="#[server.host]" />
			<add-message-property key="domainname" value="cocacola.com" />
			<add-message-property key="integrationNameValue" value="#[flowVars.integrationNameValue]" />
			<add-message-property key="correlationID" value="#[sessionVars.correlationID]" />
			<add-message-property key="sourceSystemValue" value="IHS" />
			<add-message-property key="targetSystemValue" value="#[flowVars.targetSystemValue]" />		
			<add-message-property key="integrationIdValue" value="#[flowVars.integrationIdValue]" />
			<add-message-property key="resourceTypeValue" value="#[flowVars.resourceTypeValue]" />
			<add-message-property key="resourceNameValue" value="#[flowVars.resourceNameValue]" />
			<add-message-property key="payloadAttributesValue" value="#[flowVars.payloadAttributesValue]" />
			<!-- <add-message-property key="groupID" value="#[flowVars.recipientFileName]" /> -->				
		</message-properties-transformer>
	</sub-flow>
     
     <sub-flow name="exception_logging_sub_flow">
	   <message-properties-transformer doc:name="Message Properties">
            <add-message-property key="timestamp" value="#[server.dateTime.format(&quot;yyyy-MM-dd'T'HH:mm:ss.SSSZ&quot;)]"/>
            <add-message-property key="messageID" value="#[message.id]"/>
            <add-message-property key="status" value="Error"/>
            <add-message-property key="executionPoint" value="Error Handling"/>
            <add-message-property key="ip" value="#[server.ip]"/>
            <add-message-property key="integrationName" value="#[flowVars.integrationName]"/>
            <add-message-property key="serverName" value="#[server.host]"/>
            <add-message-property key="domainname" value="cocacola.com"/>
            <add-message-property key="errorText" value="#[flowVars.errorText !=null ? flowVars.errorText  : exception.getMessage()]" />
            <add-message-property key="errorCode" value="#[flowVars.errorCode]"/>
            <add-message-property key="errorType" value="#[flowVars.errorType !=null ? flowVars.errorType : exception.?cause.message]"/>
            <add-message-property key="payloadAttributesValue" value="#[flowVars.payloadAttributesValue !=null ? flowVars.payloadAttributesValue :  ' ']" />   
        </message-properties-transformer>
        <logger level="ERROR" message="#[LoggingAppendString] - Failure" doc:name="Logger"/>
	</sub-flow> 
 </mule>
