<?xml version="1.0" encoding="UTF-8"?>

<mule xmlns:vm="http://www.mulesoft.org/schema/mule/vm" xmlns:http="http://www.mulesoft.org/schema/mule/http" xmlns:dw="http://www.mulesoft.org/schema/mule/ee/dw" xmlns:scripting="http://www.mulesoft.org/schema/mule/scripting" xmlns:json="http://www.mulesoft.org/schema/mule/json" xmlns:sqs="http://www.mulesoft.org/schema/mule/sqs" xmlns:s3="http://www.mulesoft.org/schema/mule/s3" xmlns:db="http://www.mulesoft.org/schema/mule/db"
	xmlns:mulexml="http://www.mulesoft.org/schema/mule/xml"
	xmlns:tracking="http://www.mulesoft.org/schema/mule/ee/tracking" xmlns="http://www.mulesoft.org/schema/mule/core" xmlns:doc="http://www.mulesoft.org/schema/mule/documentation"
	xmlns:spring="http://www.springframework.org/schema/beans" 
	xmlns:xsi="http://www.w3.org/2001/XMLSchema-instance"
	xsi:schemaLocation="http://www.mulesoft.org/schema/mule/json http://www.mulesoft.org/schema/mule/json/current/mule-json.xsd
http://www.mulesoft.org/schema/mule/xml http://www.mulesoft.org/schema/mule/xml/current/mule-xml.xsd
http://www.mulesoft.org/schema/mule/db http://www.mulesoft.org/schema/mule/db/current/mule-db.xsd
http://www.mulesoft.org/schema/mule/ee/tracking http://www.mulesoft.org/schema/mule/ee/tracking/current/mule-tracking-ee.xsd
http://www.mulesoft.org/schema/mule/sqs http://www.mulesoft.org/schema/mule/sqs/current/mule-sqs.xsd
http://www.mulesoft.org/schema/mule/s3 http://www.mulesoft.org/schema/mule/s3/current/mule-s3.xsd
http://www.springframework.org/schema/beans http://www.springframework.org/schema/beans/spring-beans-current.xsd
http://www.mulesoft.org/schema/mule/core http://www.mulesoft.org/schema/mule/core/current/mule.xsd
http://www.mulesoft.org/schema/mule/scripting http://www.mulesoft.org/schema/mule/scripting/current/mule-scripting.xsd
http://www.mulesoft.org/schema/mule/ee/dw http://www.mulesoft.org/schema/mule/ee/dw/current/dw.xsd
http://www.mulesoft.org/schema/mule/http http://www.mulesoft.org/schema/mule/http/current/mule-http.xsd
http://www.mulesoft.org/schema/mule/vm http://www.mulesoft.org/schema/mule/vm/current/mule-vm.xsd">
    <asynchronous-processing-strategy name="Asynchronous_Processing_Strategy" doc:name="Asynchronous Processing Strategy"/>
    <flow name="macro_economics_on_primFlow">
        <sqs:receive-messages config-ref="Amazon_SQS__Configuration" pollingPeriod="${sqs.pollingfrequency}" doc:name="Amazon SQS (Streaming)"/>
        <vm:outbound-endpoint exchange-pattern="one-way" path="mainqueue" doc:name="VM"/>
    </flow>

    <flow name="macro_economics_on_prim_subscriber_Flow" processingStrategy="synchronous">
        <vm:inbound-endpoint exchange-pattern="one-way" path="mainqueue" doc:name="VM"/>
        <set-variable variableName="OriginalPayload" value="#[payload]" doc:name="Var:OriginalPayload"/>
        <set-variable variableName="key" value="#[json:Records[0]/s3/object/key]" doc:name="Var:key"/>
        <idempotent-message-filter idExpression="#[flowVars.key]" doc:name="Duplicatecheckflagfornotification">
            <in-memory-store expirationInterval="${IdemptentTimeInterval}"/>
        </idempotent-message-filter>
        <set-session-variable variableName="correlationID" value="#[org.mule.util.StringUtils.substringBefore(flowVars.key,'/')]" doc:name="correlationID"/>
        <expression-filter expression="#[org.mule.util.StringUtils.substringAfter(flowVars.key,'/') !='']" doc:name="Filter to check Null file"/>
        
        <message-properties-transformer doc:name="loggingProperties">
            <add-message-property key="startExecutionPoint" value="macro_economics_on_prim_subscriber_Flow starts "/>
            <add-message-property key="resourceTypeValue" value="SQS"/>
            <add-message-property key="resourceNameValue" value="macro_economics_on_prim_subscriber_Flow"/>
            <add-message-property key="correlationID" value="sessionVars.correlationID"/>
        </message-properties-transformer>
        <flow-ref name="set_macro_logging_properties_sub_flow" doc:name="set_macro_logging_properties_sub_flow"/>
        <flow-ref name="begin_info_logging_sub_flow" doc:name="begin_info_logging_sub_flow"/>
        <byte-array-to-string-transformer doc:name="Byte Array to String"/>
        <choice doc:name="Choice">
            <when expression="#[payload != null]">
                <message-properties-transformer scope="invocation" doc:name="Message Properties">
                    <add-message-property key="startExecutionPoint" value="macro ecnomics subscriber starts"/>
                    <add-message-property key="resourceTypeValue" value="SQS"/>
                    <add-message-property key="resourceNameValue" value="macro_economics_on_prim_subscriber_Flow"/>
                </message-properties-transformer>
                <flow-ref name="macro_economics_reading_message_from_s3_Sub_Flow" doc:name="macro_economics_reading_message_from_s3_Sub_Flow"/>
                <flow-ref name="macro_economics_database_update_Flow" doc:name="macro_economics_database_update_Flow"/>
                
                <message-properties-transformer doc:name="Message Properties">
                            <add-message-property key="executionPoint" value="macro_economics_on_prim_subscriber_Flow ends "/>
                            <add-message-property key="resourceTypeValue" value="SQS"/>
                            <add-message-property key="resourceNameValue" value="macro_economics_on_prim_subscriber_Flow"/>
                            <add-message-property key="correlationID" value="sessionVars.correlationID"/>
                        </message-properties-transformer>
                        <flow-ref name="end_info_logging_sub_flow" doc:name="end_info_logging_sub_flow"/>
            </when>
            <otherwise>
                <set-variable variableName="executionPoint" value="macro subscriber starts, but no data is available in SQS queue" doc:name="Var:executionPoint"/>
                <message-properties-transformer doc:name="Message Properties">
                            <add-message-property key="executionPoint" value="macro_economics_on_prim_subscriber_Flow ends "/>
                            <add-message-property key="resourceTypeValue" value="SQS"/>
                            <add-message-property key="resourceNameValue" value="macro_economics_on_prim_subscriber_Flow"/>
                            <add-message-property key="correlationID" value="sessionVars.correlationID"/>
                        </message-properties-transformer>
                        <flow-ref name="end_info_logging_sub_flow" doc:name="end_info_logging_sub_flow"/>
            </otherwise>
        </choice>
        <catch-exception-strategy doc:name="Catch Exception Strategy">
            <flow-ref name="exception_logging_sub_flow" doc:name="exception_logging_sub_flow"/>
            <set-payload value="&lt;?xml version=&quot;1.0&quot; encoding=&quot;UTF-8&quot;?&gt;&lt;dbstatus&gt;&lt;timeevent&gt;#[server.dateTime.format('YYYYMMddHH')]&lt;/timeevent&gt;&lt;status&gt;0&lt;/status&gt;&lt;statusdbdictionary&gt;#[server.dateTime.format('YYYYMMddHH')]&lt;/statusdbdictionary&gt;&lt;/dbstatus&gt;" doc:name="Set Payload"/>
            <flow-ref name="macro_economics_on_statustable" doc:name="macro_economics_on_statustable"/>
        </catch-exception-strategy>
    </flow>
    <sub-flow name="macro_economics_reading_message_from_s3_Sub_Flow">
    <message-properties-transformer doc:name="Message Properties">
            <add-message-property key="startExecutionPoint" value="macro_economics_reading_message_from_s3_Sub_Flow starts "/>
            <add-message-property key="resourceTypeValue" value="Sub Flow"/>
            <add-message-property key="resourceNameValue" value="macro_economics_reading_message_from_s3_Sub_Flow"/>
            <add-message-property key="correlationID" value="sessionVars.correlationID"/>
        </message-properties-transformer>
        <flow-ref name="set_macro_logging_properties_sub_flow" doc:name="set_macro_logging_properties_sub_flow"/>
        <flow-ref name="begin_info_logging_sub_flow" doc:name="begin_info_logging_sub_flow"/>
        <set-variable variableName="OriginalPayload" value="#[payload]" doc:name="Variable"/>
        <set-variable variableName="key" value="#[json:Records[0]/s3/object/key]" doc:name="Variable"/>
        <set-variable variableName="bucket" value="#[json:Records[0]/s3/bucket/name]" doc:name="Variable"/>
        <!-- <expression-component doc:name="Expression"><![CDATA[flowVars.payloadAttributesValue.put('S3 Key', flowVars.key);]]></expression-component> -->
        <s3:get-object-content config-ref="Amazon_S3__Configuration" bucketName="#[flowVars.bucket]" key="#[flowVars.key]" doc:name="Amazon S3" encoding="UTF-8"/>
        <mulexml:dom-to-xml-transformer doc:name="DOM to XML"/>
        <message-properties-transformer doc:name="Message Properties">
                            <add-message-property key="executionPoint" value="macro_economics_reading_message_from_s3_Sub_Flow ends "/>
                            <add-message-property key="resourceTypeValue" value="Sub Flow"/>
                            <add-message-property key="resourceNameValue" value="macro_economics_reading_message_from_s3_Sub_Flow"/>
                            <add-message-property key="correlationID" value="sessionVars.correlationID"/>
                        </message-properties-transformer>
                        <flow-ref name="end_info_logging_sub_flow" doc:name="end_info_logging_sub_flow"/>
    </sub-flow>
    <flow name="macro_economics_database_update_Flow" processingStrategy="synchronous">
    <message-properties-transformer doc:name="Message Properties">
            <add-message-property key="startExecutionPoint" value="macro_economics_database_update_Flow starts "/>
            <add-message-property key="resourceTypeValue" value="Flow"/>
            <add-message-property key="resourceNameValue" value="macro_economics_database_update_Flow"/>
            <add-message-property key="correlationID" value="sessionVars.correlationID"/>
        </message-properties-transformer>
        <flow-ref name="set_macro_logging_properties_sub_flow" doc:name="set_macro_logging_properties_sub_flow"/>
        <flow-ref name="begin_info_logging_sub_flow" doc:name="begin_info_logging_sub_flow"/>
        <set-payload value="#[payload]" doc:name="Set Payload"/>
        <byte-array-to-string-transformer doc:name="Byte Array to String"/>

<choice doc:name="Choice">
            <when expression="#[org.mule.util.StringUtils.contains(payload,'Dictionary_action')]">
                <mulexml:dom-to-xml-transformer doc:name="DOM to XML"/>
                        <splitter expression="#[xpath3('db2/Events',payload,'NODESET')]" doc:name="Splitter"/>
                        <mulexml:dom-to-xml-transformer doc:name="DOM to XML"/>
                <collection-aggregator failOnTimeout="true" doc:name="Collection Aggregator"/>
                <db:insert config-ref="MSBI-DB" bulkMode="true" doc:name="Dictionary_Database">
                    <db:parameterized-query><![CDATA[insert into prestg.t_Dictionary (Dictionary_action,DataSourceReferenceID,Dictionary_id,events_action,entry_id,entry_name,add_col1,add_col2,add_col3,Events_ClassificationID,Dictionary_Event_Action,Relations_parentid,Relations_orderunderparent)
VALUES(#[xpath3('Events/Dictionary_action')],#[xpath3('Events/DataSourceReferenceID')],#[xpath3('Events/Dictionary_id')],#[xpath3('Events/events_action')],#[xpath3('Events/entry_id')],#[xpath3('Events/entry_name')],#[xpath3('Events/Add_Col1')],#[xpath3('Events/Add_Col2')],#[xpath3('Events/Add_Col3')],#[xpath3('Events/Events_ClassificationID')],#[xpath3('Events/Events_action')],#[xpath3('Events/Relations_parentid')],#[xpath3('Events/Relations_orderunderparent')])]]></db:parameterized-query>
                        </db:insert>
                <logger message="No of records inserted to Dictionary table = #[payload.size()]" level="INFO" doc:name="Dictionary log"/>
                        <message-properties-transformer doc:name="Message Properties">
                            <add-message-property key="executionPoint" value="macro_economics_database_update_Flow ends"/>
                            <add-message-property key="resourceTypeValue" value="t_Dictionary DB"/>
                            <add-message-property key="resourceNameValue" value="macro_economics_database_update_Flow"/>
                            <add-message-property key="correlationID" value="sessionVars.correlationID"/>
                        </message-properties-transformer>
                        <flow-ref name="end_info_logging_sub_flow" doc:name="end_info_logging_sub_flow"/>
            </when>
            <when expression="#[org.mule.util.StringUtils.contains(payload,'timeseriesevent')]">
                <mulexml:dom-to-xml-transformer doc:name="DOM to XML"/>
                <dw:transform-message doc:name="Transform Message">
                    <dw:set-payload><![CDATA[%dw 1.0
%output application/java
---
payload.root.*timeseriesevent map ((timeseriesevent , indexOftimeseriesevent) -> {
       series_id: timeseriesevent.series_id ,
       series_action: timeseriesevent.series_action,
       DatasourceReference_id: timeseriesevent.DatasourceReference_id ,
       LastTransactionTimestamp: timeseriesevent.LastTransactionTimestamp,
       AttributeTimestamp: timeseriesevent.AttributeTimestamp,
       ValuesTimestamp: timeseriesevent.ValuesTimestamp,
       CreationTimestamp: timeseriesevent.CreationTimestamp,
       TimeSeries_Stereotype: timeseriesevent.TimeSeries_Stereotype,
       TimeSeries_Content: timeseriesevent.TimeSeries_Content,
       UniqueID: timeseriesevent.UniqueID ,
       Mnemonic: timeseriesevent.Mnemonic,
       Frequency: timeseriesevent.Frequency,
       SeriesType: timeseriesevent.SeriesType,
       SourceMnemonic: timeseriesevent.SourceMnemonic,
       ShortLabel: timeseriesevent.ShortLabel,
       LongLabel: timeseriesevent.LongLabel,
       ExplorerLabel: timeseriesevent.ExplorerLabel,
       Source: timeseriesevent.Source ,
       EconomicConcept: timeseriesevent.EconomicConcept,
       IndustryClassification: timeseriesevent.IndustryClassification,
       GeographicLocation: timeseriesevent.GeographicLocation ,
       WEFA_Bank: timeseriesevent.WEFA_Bank,
       DRI_Bank: timeseriesevent.DRI_Bank,
       GIIRecommended: timeseriesevent.GIIRecommended,
       KeyIndicator: timeseriesevent.KeyIndicator,
       DistibutionMethod: timeseriesevent.DistibutionMethod ,
       ConversionMethod: timeseriesevent.ConversionMethod,
       SeasonalAdjustment: timeseriesevent.SeasonalAdjustment,
       SeriesStatus: timeseriesevent.SeriesStatus,
       Unit: timeseriesevent.Unit ,
       Decimals: timeseriesevent.Decimals ,
       Scale: timeseriesevent.Scale,
       Pricing_RealNominal: timeseriesevent.Pricing_RealNominal,
       BasePeriod_Option: timeseriesevent.BasePeriod_Option 
})
]]></dw:set-payload>
                </dw:transform-message>
                <db:insert config-ref="MSBI-DB" bulkMode="true" doc:name="t_series_attr_Database">
                    <db:parameterized-query><![CDATA[insert into prestg.t_Series_attr (AttributeTimestamp,BasePeriod_Option,Content,ConversionMethod,CreationTimestamp,
DatasourceReference_id,Decimals,DistibutionMethod,DRI_Bank,EconomicConcept,ExplorerLabel,Frequency,GeographicLocation,GIIRecommended,IndustryClassification,KeyIndicator,LastTransactionTimestamp,LongLabel,Mnemonic,Pricing_RealNominal,Scale,SeasonalAdjustment,series_Action,series_Id,SeriesStatus,SeriesType,ShortLabel,Source,SourceMnemonic,TimeSeries_Stereotype,UniqueID,ValuesTimestamp,WEFA_Bank,Unit)
VALUES(#[payload.AttributeTimestamp],#[payload.BasePeriod_Option],#[payload.TimeSeries_Content],#[payload.ConversionMethod],#[payload.CreationTimestamp],#[payload.DatasourceReference_id],#[payload.Decimals],#[payload.DistibutionMethod],#[payload.DRI_Bank],#[payload.EconomicConcept],#[payload.ExplorerLabel],#[payload.Frequency],#[payload.GeographicLocation],#[payload.GIIRecommended],#[payload.IndustryClassification],#[payload.KeyIndicator],#[payload.LastTransactionTimestamp],#[payload.LongLabel],#[payload.Mnemonic],#[payload.Pricing_RealNominal],#[payload.Scale],#[payload.SeasonalAdjustment],#[payload.series_action],#[payload.series_id],#[payload.SeriesStatus],#[payload.SeriesType],#[payload.ShortLabel],#[payload.Source],#[payload.SourceMnemonic],#[payload.TimeSeries_Stereotype],#[payload.UniqueID],#[payload.ValuesTimestamp],#[payload.WEFA_Bank],#[payload.Unit])]]></db:parameterized-query>
                        </db:insert>
                <logger message="No of records inserted to Event table = #[payload.size()]" level="INFO" doc:name="Event Log"/>
                        <message-properties-transformer doc:name="Message Properties">
                            <add-message-property key="executionPoint" value="macro_economics_database_update_Flow ends"/>
                            <add-message-property key="resourceTypeValue" value="t_Series_attr DB"/>
                            <add-message-property key="resourceNameValue" value="macro_economics_database_update_Flow"/>
                            <add-message-property key="correlationID" value="sessionVars.correlationID"/>
                        </message-properties-transformer>
                        <flow-ref name="end_info_logging_sub_flow" doc:name="end_info_logging_sub_flow"/>
            </when>
            <when expression="#[org.mule.util.StringUtils.contains(payload,'Dataevent')]">
            <mulexml:dom-to-xml-transformer doc:name="DOM to XML"/>
                <splitter expression="#[xpath3('root/Dataevent/Observation',payload,'NODESET')]" doc:name="Splitter"/>
                        <mulexml:dom-to-xml-transformer doc:name="DOM to XML"/>
                        <collection-aggregator failOnTimeout="true" doc:name="Collection Aggregator"/>
                
                <db:insert config-ref="MSBI-DB" bulkMode="true" doc:name="t_series_data_Database">
                    <db:parameterized-query><![CDATA[insert into prestg.t_series_data (series_Id,ObservationVector,data_date,data_value)
VALUES(#[xpath3('Observation/@Seriesid')],#[xpath3('Observation/@Concept')],#[xpath3('Observation/@Point')],#[xpath3('Observation/@Value')])]]></db:parameterized-query>
                        </db:insert>
                <logger message="No of records inserted to data table = #[payload.size()]" level="INFO" doc:name="Data Log"/>
                <message-properties-transformer doc:name="Message Properties">
                    <add-message-property key="executionPoint" value="macro_economics_database_update_Flow ends"/>
                    <add-message-property key="resourceTypeValue" value="t_series_data DB"/>
                    <add-message-property key="resourceNameValue" value="macro_economics_database_update_Flow"/>
                    <add-message-property key="correlationID" value="sessionVars.correlationID"/>
                </message-properties-transformer>
                        <flow-ref name="end_info_logging_sub_flow" doc:name="end_info_logging_sub_flow"/>
            </when>
            <when expression="#[org.mule.util.StringUtils.contains(payload,'dbstatus')]">
                <mulexml:dom-to-xml-transformer doc:name="DOM to XML"/>
                <set-variable variableName="dbstatustableupdate" value="#[payload]" doc:name="dbstatustableupdate"/>
                <flow-ref name="macro_economics_on_statustablecheck" doc:name="macro_economics_on_statustablecheck"/>
                <message-properties-transformer doc:name="Message Properties">
                    <add-message-property key="executionPoint" value="macro_economics_database_update_Flow ends"/>
                    <add-message-property key="resourceTypeValue" value="t_status_update"/>
                    <add-message-property key="resourceNameValue" value="macro_economics_database_update_Flow"/>
                    <add-message-property key="correlationID" value="sessionVars.correlationID"/>
                </message-properties-transformer>
                <flow-ref name="end_info_logging_sub_flow" doc:name="end_info_logging_sub_flow"/>
            </when>
            <otherwise>
                <message-properties-transformer doc:name="Message Properties">
                    <add-message-property key="executionPoint" value="macro_economics_database_update_Flow ends file name Mismatch"/>
                    <add-message-property key="resourceTypeValue" value="Flow"/>
                    <add-message-property key="resourceNameValue" value="macro_economics_database_update_Flow"/>
                    <add-message-property key="correlationID" value="sessionVars.correlationID"/>
                </message-properties-transformer>
                <flow-ref name="end_info_logging_sub_flow" doc:name="end_info_logging_sub_flow"/>
            </otherwise>
        </choice>
        <choice-exception-strategy doc:name="Choice Exception Strategy">
        <catch-exception-strategy when="#[exception.causedBy(org.mule.api.MessagingException) || exception.causedBy(java.io.IOException) || exception.causedBy(org.mule.module.db.internal.domain.connection.ConnectionCreationException) || exception.causedBy(com.microsoft.sqlserver.jdbc.SQLServerException)]" doc:name="Catch Exception Strategy">
       <set-variable variableName="errorCode" value="${macro.error.sql.connection}" doc:name="Variable"/>
                <flow-ref name="exception_logging_sub_flow" doc:name="exception_logging_sub_flow"/>
                <set-payload value="&lt;?xml version=&quot;1.0&quot; encoding=&quot;UTF-8&quot;?&gt;&lt;dbstatus&gt;&lt;timeevent&gt;#[server.dateTime.format('YYYYMMddHH')]&lt;/timeevent&gt;&lt;status&gt;0&lt;/status&gt;&lt;statusdbdictionary&gt;#[server.dateTime.format('YYYYMMddHH')]&lt;/statusdbdictionary&gt;&lt;/dbstatus&gt;" doc:name="Set Payload"/>
                <flow-ref name="macro_economics_on_statustable" doc:name="macro_economics_on_statustable"/>
        
        </catch-exception-strategy>
            <catch-exception-strategy doc:name="Otherwise">
            <set-variable variableName="errorCode" value="${macro.error.sql.connection}" doc:name="Variable"/>
                <flow-ref name="exception_logging_sub_flow" doc:name="exception_logging_sub_flow"/>
                <set-payload value="&lt;?xml version=&quot;1.0&quot; encoding=&quot;UTF-8&quot;?&gt;&lt;dbstatus&gt;&lt;timeevent&gt;#[server.dateTime.format('YYYYMMddHH')]&lt;/timeevent&gt;&lt;status&gt;0&lt;/status&gt;&lt;statusdbdictionary&gt;#[server.dateTime.format('YYYYMMddHH')]&lt;/statusdbdictionary&gt;&lt;/dbstatus&gt;" doc:name="Set Payload"/>
                <flow-ref name="macro_economics_on_statustable" doc:name="macro_economics_on_statustable"/>
            
            </catch-exception-strategy>
    	</choice-exception-strategy> 
        </flow>

<sub-flow name="set_macro_logging_properties_sub_flow">
		<set-variable variableName="integrationNameValue" value="${macro.economics.integrationName}"  doc:name="Set integrationName Variable" />
   		<set-variable variableName="targetSystemValue" value="${macro.economics.targetSystemValue}"  doc:name="Set targetSystemValue Variable" />
   		<set-variable variableName="integrationIdValue" value="${macro.economics.integrationIdValue}"  doc:name="Set integrationIdValue Variable" /> 
	</sub-flow>
	
    <sub-flow name="macro_economics_on_statustablecheck">
    <message-properties-transformer doc:name="Message Properties">
            <add-message-property key="startExecutionPoint" value="macro_economics_on_statustablecheck starts "/>
            <add-message-property key="resourceTypeValue" value="Sub Flow"/>
            <add-message-property key="resourceNameValue" value="macro_economics_on_statustablecheck"/>
            <add-message-property key="correlationID" value="sessionVars.correlationID"/>
        </message-properties-transformer>
        <flow-ref name="set_macro_logging_properties_sub_flow" doc:name="set_macro_logging_properties_sub_flow"/>
        <flow-ref name="begin_info_logging_sub_flow" doc:name="begin_info_logging_sub_flow"/>
        <db:select config-ref="MSBI-DB" doc:name="Database">
            <db:parameterized-query><![CDATA[select COUNT(t_load_stts) from prestg.t_load_stts where t_load_stts=0;]]></db:parameterized-query>
        </db:select>
        <choice doc:name="Choice">
            <when expression="#[org.mule.util.StringUtils.contains(payload,'0')]">
                <set-payload value="#[flowVars.dbstatustableupdate]" doc:name="Set Payload"/>
                <flow-ref name="macro_economics_on_statustable" doc:name="macro_economics_on_statustable"/>
                <message-properties-transformer doc:name="Message Properties">
                            <add-message-property key="executionPoint" value="macro_economics_on_statustablecheck ends "/>
                            <add-message-property key="resourceTypeValue" value="Sub Flow"/>
                            <add-message-property key="resourceNameValue" value="macro_economics_on_statustablecheck"/>
                            <add-message-property key="correlationID" value="sessionVars.correlationID"/>
                        </message-properties-transformer>
                        <flow-ref name="end_info_logging_sub_flow" doc:name="end_info_logging_sub_flow"/>
            </when>
            <otherwise>
                <message-properties-transformer doc:name="Message Properties">
                            <add-message-property key="executionPoint" value="Already Database Inserted macro_economics_on_statustablecheck ends "/>
                            <add-message-property key="resourceTypeValue" value="Sub Flow"/>
                            <add-message-property key="resourceNameValue" value="macro_economics_on_statustablecheck"/>
                            <add-message-property key="correlationID" value="sessionVars.correlationID"/>
                        </message-properties-transformer>
                        <flow-ref name="end_info_logging_sub_flow" doc:name="end_info_logging_sub_flow"/>
            </otherwise>
        </choice>
    </sub-flow>
    <sub-flow name="macro_economics_on_statustable">
        <message-properties-transformer doc:name="Message Properties">
            <add-message-property key="startExecutionPoint" value="macro_economics_on_statustable starts "/>
            <add-message-property key="resourceTypeValue" value="Sub Flow"/>
            <add-message-property key="resourceNameValue" value="macro_economics_on_statustable"/>
            <add-message-property key="correlationID" value="sessionVars.correlationID"/>
        </message-properties-transformer>
        <flow-ref name="set_macro_logging_properties_sub_flow" doc:name="set_macro_logging_properties_sub_flow"/>
        <flow-ref name="begin_info_logging_sub_flow" doc:name="begin_info_logging_sub_flow"/>
        <db:insert config-ref="MSBI-DB" doc:name="Database">
            <db:parameterized-query><![CDATA[insert into prestg.t_load_stts (t_series_attr_load_stts,t_series_data_load_stts,t_dictionary_load_stts,t_load_stts) VALUES(#[xpath3('dbstatus/timeevent')],#[xpath3('dbstatus/timeevent')],#[xpath3('dbstatus/statusdbdictionary')],#[xpath3('dbstatus/status')])]]></db:parameterized-query>
        </db:insert>
                <message-properties-transformer doc:name="Message Properties">
                            <add-message-property key="executionPoint" value="macro_economics_on_statustable ends "/>
                            <add-message-property key="resourceTypeValue" value="Sub Flow"/>
                            <add-message-property key="resourceNameValue" value="macro_economics_on_statustable"/>
                            <add-message-property key="correlationID" value="sessionVars.correlationID"/>
                        </message-properties-transformer>
                        <flow-ref name="end_info_logging_sub_flow" doc:name="end_info_logging_sub_flow"/>
                </sub-flow>
</mule>
