<metadata__catalog__entry>
  <version>5.2.0.0</version>
  <types class="tree-map">
    <entry>
      <org.mule.common.metadata.DefaultMetaDataKey>
        <id>TopicConfiguration</id>
        <displayName>Topic Configuration</displayName>
        <category>BucketNotificationCategory</category>
        <metaDataKeyPropertiesManager>
          <properties>
            <org.mule.common.metadata.key.property.dsql.DsqlFromMetaDataKeyProperty/>
          </properties>
        </metaDataKeyPropertiesManager>
      </org.mule.common.metadata.DefaultMetaDataKey>
      <null/>
    </entry>
  </types>
  <connectorName>Amazon_S3__Configuration</connectorName>
</metadata__catalog__entry>